file,line,module,direct_schema_references,expression,status
lua/wanxiang/auto_phrase.lua,86,auto_phrase,['wanxiang_english'],"config:get_bool(""add_user_dict/enable_auto_phrase"") or false",static candidate; dynamic paths and internal values require consumer review
lua/wanxiang/auto_phrase.lua,88,auto_phrase,['wanxiang_english'],"config:get_bool(""add_user_dict/enable_user_dict"") or false",static candidate; dynamic paths and internal values require consumer review
lua/wanxiang/auto_phrase.lua,206,auto_phrase,['wanxiang_english'],"local delimiter = config:get_string(""speller/delimiter"") or "" '""",static candidate; dynamic paths and internal values require consumer review
lua/wanxiang/context_reorder.lua,134,context_reorder,"['wanxiang_t9', 'wanxiang_t9i']","local timeout = config:get_int(""context_reorder/context_timeout"")",static candidate; dynamic paths and internal values require consumer review
lua/wanxiang/context_reorder.lua,135,context_reorder,"['wanxiang_t9', 'wanxiang_t9i']","local fallback = config:get_bool(""context_reorder/enable_fallback_reorder"")",static candidate; dynamic paths and internal values require consumer review
lua/wanxiang/context_reorder.lua,141,context_reorder,"['wanxiang_t9', 'wanxiang_t9i']","local classifier_node = config:get_item(""context_reorder/custom_classifiers"")",static candidate; dynamic paths and internal values require consumer review
lua/wanxiang/context_reorder.lua,146,context_reorder,"['wanxiang_t9', 'wanxiang_t9i']","local classifier_list = config:get_list(""context_reorder/custom_classifiers"")",static candidate; dynamic paths and internal values require consumer review
lua/wanxiang/context_reorder.lua,150,context_reorder,"['wanxiang_t9', 'wanxiang_t9i']","if value then classifier_text = classifier_text .. (value:get_string() or """") end",static candidate; dynamic paths and internal values require consumer review
lua/wanxiang/context_reorder.lua,153,context_reorder,"['wanxiang_t9', 'wanxiang_t9i']","classifier_text = config:get_string(""context_reorder/custom_classifiers"") or """"",static candidate; dynamic paths and internal values require consumer review
lua/wanxiang/context_reorder.lua,221,context_reorder,"['wanxiang_t9', 'wanxiang_t9i']","local db_name = config:get_string(""context_reorder/db_name"") or ""context_reorder""",static candidate; dynamic paths and internal values require consumer review
lua/wanxiang/context_reorder.lua,374,context_reorder,"['wanxiang_t9', 'wanxiang_t9i']",if not ctx:get_option(OPTION_NAME) then,static candidate; dynamic paths and internal values require consumer review
lua/wanxiang/context_reorder.lua,473,context_reorder,"['wanxiang_t9', 'wanxiang_t9i']",if not ctx:get_option(OPTION_NAME) then return end,static candidate; dynamic paths and internal values require consumer review
lua/wanxiang/context_reorder.lua,526,context_reorder,"['wanxiang_t9', 'wanxiang_t9i']",if not ctx:get_option(OPTION_NAME) then,static candidate; dynamic paths and internal values require consumer review
lua/wanxiang/context_reorder.lua,713,context_reorder,"['wanxiang_t9', 'wanxiang_t9i']",if not ctx:get_option(OPTION_NAME) then,static candidate; dynamic paths and internal values require consumer review
lua/wanxiang/input_statistics.lua,76,input_statistics,"['wanxiang_lite', 'wanxiang_t9', 'wanxiang_t9i']","local configured = config:get_string(""input_stats/device_id"")",static candidate; dynamic paths and internal values require consumer review
lua/wanxiang/input_statistics.lua,581,input_statistics,"['wanxiang_lite', 'wanxiang_t9', 'wanxiang_t9i']","local configured = env.engine.schema.config:get_list(""input_stats/titles"")",static candidate; dynamic paths and internal values require consumer review
lua/wanxiang/input_statistics.lua,764,input_statistics,"['wanxiang_lite', 'wanxiang_t9', 'wanxiang_t9i']","return math.max(minimum, math.min(maximum, config:get_int(key) or default))",static candidate; dynamic paths and internal values require consumer review
lua/wanxiang/input_statistics.lua,770,input_statistics,"['wanxiang_lite', 'wanxiang_t9', 'wanxiang_t9i']","env.stats_db_name = config:get_string(""input_stats/db_name"") or ""stats""",static candidate; dynamic paths and internal values require consumer review
lua/wanxiang/input_statistics.lua,773,input_statistics,"['wanxiang_lite', 'wanxiang_t9', 'wanxiang_t9i']","env.continuous_gap_ms = bounded_int(config, ""input_stats/continuous_gap_ms"",",static candidate; dynamic paths and internal values require consumer review
lua/wanxiang/input_statistics.lua,775,input_statistics,"['wanxiang_lite', 'wanxiang_t9', 'wanxiang_t9i']","env.average_gap_ms = bounded_int(config, ""input_stats/average_gap_ms"",",static candidate; dynamic paths and internal values require consumer review
lua/wanxiang/input_statistics.lua,778,input_statistics,"['wanxiang_lite', 'wanxiang_t9', 'wanxiang_t9i']","""input_stats/minimum_average_session_ms"",",static candidate; dynamic paths and internal values require consumer review
lua/wanxiang/input_statistics.lua,781,input_statistics,"['wanxiang_lite', 'wanxiang_t9', 'wanxiang_t9i']","""input_stats/minimum_average_total_ms"",",static candidate; dynamic paths and internal values require consumer review
lua/wanxiang/input_statistics.lua,784,input_statistics,"['wanxiang_lite', 'wanxiang_t9', 'wanxiang_t9i']","""input_stats/max_speed_commit_length"",",static candidate; dynamic paths and internal values require consumer review
lua/wanxiang/input_statistics.lua,787,input_statistics,"['wanxiang_lite', 'wanxiang_t9', 'wanxiang_t9i']","""input_stats/speed_history_days"", 30, 1, 365)",static candidate; dynamic paths and internal values require consumer review
lua/wanxiang/input_statistics.lua,799,input_statistics,"['wanxiang_lite', 'wanxiang_t9', 'wanxiang_t9i']","local_total=config:get_string(""input_stats/triggers/local_total"") or ""/btj"",",static candidate; dynamic paths and internal values require consumer review
lua/wanxiang/input_statistics.lua,800,input_statistics,"['wanxiang_lite', 'wanxiang_t9', 'wanxiang_t9i']","today=config:get_string(""input_stats/triggers/today"") or ""/rtj"",",static candidate; dynamic paths and internal values require consumer review
lua/wanxiang/input_statistics.lua,801,input_statistics,"['wanxiang_lite', 'wanxiang_t9', 'wanxiang_t9i']","week=config:get_string(""input_stats/triggers/week"") or ""/ztj"",",static candidate; dynamic paths and internal values require consumer review
lua/wanxiang/input_statistics.lua,802,input_statistics,"['wanxiang_lite', 'wanxiang_t9', 'wanxiang_t9i']","month=config:get_string(""input_stats/triggers/month"") or ""/ytj"",",static candidate; dynamic paths and internal values require consumer review
lua/wanxiang/input_statistics.lua,803,input_statistics,"['wanxiang_lite', 'wanxiang_t9', 'wanxiang_t9i']","year=config:get_string(""input_stats/triggers/year"") or ""/ntj"",",static candidate; dynamic paths and internal values require consumer review
lua/wanxiang/input_statistics.lua,804,input_statistics,"['wanxiang_lite', 'wanxiang_t9', 'wanxiang_t9i']","total=config:get_string(""input_stats/triggers/total"") or ""/tj"",",static candidate; dynamic paths and internal values require consumer review
lua/wanxiang/input_statistics.lua,805,input_statistics,"['wanxiang_lite', 'wanxiang_t9', 'wanxiang_t9i']","history=config:get_string(""input_stats/triggers/history"") or ""/htj"",",static candidate; dynamic paths and internal values require consumer review
lua/wanxiang/key_binder.lua,160,key_binder,"['wanxiang_lite', 'wanxiang_t9', 'wanxiang_t9i']",local actions = parse_sequence(send_sequence:get_string()),static candidate; dynamic paths and internal values require consumer review
lua/wanxiang/key_binder.lua,165,key_binder,"['wanxiang_lite', 'wanxiang_t9', 'wanxiang_t9i']",local match_pattern = match and match:get_string() or nil,static candidate; dynamic paths and internal values require consumer review
lua/wanxiang/key_binder.lua,185,key_binder,"['wanxiang_lite', 'wanxiang_t9', 'wanxiang_t9i']","accept = accept and KeyEvent(accept:get_string()) or nil,",static candidate; dynamic paths and internal values require consumer review
lua/wanxiang/key_binder.lua,196,key_binder,"['wanxiang_lite', 'wanxiang_t9', 'wanxiang_t9i']","local bindings = env.engine.schema.config:get_list(""key_binder/bindings"")",static candidate; dynamic paths and internal values require consumer review
lua/wanxiang/key_binder.lua,205,key_binder,"['wanxiang_lite', 'wanxiang_t9', 'wanxiang_t9i']",local value = item:get_map(),static candidate; dynamic paths and internal values require consumer review
lua/wanxiang/key_binder.lua,232,key_binder,"['wanxiang_lite', 'wanxiang_t9', 'wanxiang_t9i']","context:set_option(name, not context:get_option(name))",static candidate; dynamic paths and internal values require consumer review
lua/wanxiang/number_conversion.lua,534,number_conversion,"['wanxiang_lite', 'wanxiang_t9', 'wanxiang_t9i']","local pattern = env.engine.schema.config:get_string(""recognizer/patterns/number"")",static candidate; dynamic paths and internal values require consumer review
lua/wanxiang/random_tools.lua,3,random_tools,['wanxiang_lite'],-- 配置项均从 random_tools/... 读取,static candidate; dynamic paths and internal values require consumer review
lua/wanxiang/random_tools.lua,387,random_tools,['wanxiang_lite'],local value = config:get_string(path),static candidate; dynamic paths and internal values require consumer review
lua/wanxiang/random_tools.lua,459,random_tools,['wanxiang_lite'],"config, ""random_tools/uuid"", DEFAULT_UUID_CODE, false",static candidate; dynamic paths and internal values require consumer review
lua/wanxiang/random_tools.lua,462,random_tools,['wanxiang_lite'],"config, ""random_tools/uuid7"", DEFAULT_UUID7_CODE, false",static candidate; dynamic paths and internal values require consumer review
lua/wanxiang/random_tools.lua,465,random_tools,['wanxiang_lite'],"config, ""random_tools/ulid"", DEFAULT_ULID_CODE, false",static candidate; dynamic paths and internal values require consumer review
lua/wanxiang/random_tools.lua,468,random_tools,['wanxiang_lite'],"config, ""random_tools/password"", DEFAULT_PASSWORD_CODE, false",static candidate; dynamic paths and internal values require consumer review
lua/wanxiang/random_tools.lua,471,random_tools,['wanxiang_lite'],"config, ""random_tools/password_special"", DEFAULT_PASSWORD_SPECIAL_CODE, false",static candidate; dynamic paths and internal values require consumer review
lua/wanxiang/random_tools.lua,475,random_tools,['wanxiang_lite'],"config:get_string(""random_tools/password_lengths"")",static candidate; dynamic paths and internal values require consumer review
lua/wanxiang/random_tools.lua,480,random_tools,['wanxiang_lite'],"config, ""random_tools/chars/upper"", DEFAULT_UPPER, true",static candidate; dynamic paths and internal values require consumer review
lua/wanxiang/random_tools.lua,483,random_tools,['wanxiang_lite'],"config, ""random_tools/chars/lower"", DEFAULT_LOWER, true",static candidate; dynamic paths and internal values require consumer review
lua/wanxiang/random_tools.lua,486,random_tools,['wanxiang_lite'],"config, ""random_tools/chars/digit"", DEFAULT_DIGIT, true",static candidate; dynamic paths and internal values require consumer review
lua/wanxiang/random_tools.lua,489,random_tools,['wanxiang_lite'],"config, ""random_tools/chars/special"", DEFAULT_SPECIAL, true",static candidate; dynamic paths and internal values require consumer review
lua/wanxiang/shijian.lua,1882,shijian,"['wanxiang_lite', 'wanxiang_t9', 'wanxiang_t9i']","local custom_formats = config:get_list(""date_formats"")",static candidate; dynamic paths and internal values require consumer review
lua/wanxiang/shijian.lua,1886,shijian,"['wanxiang_lite', 'wanxiang_t9', 'wanxiang_t9i']",local format_str = custom_formats:get_value_at(i - 1):get_string(),static candidate; dynamic paths and internal values require consumer review
lua/wanxiang/shijian.lua,2303,shijian,"['wanxiang_lite', 'wanxiang_t9', 'wanxiang_t9i']",local configured = config:get_list(config_key),static candidate; dynamic paths and internal values require consumer review
lua/wanxiang/shijian.lua,2307,shijian,"['wanxiang_lite', 'wanxiang_t9', 'wanxiang_t9i']",local fmt = configured:get_value_at(i - 1):get_string(),static candidate; dynamic paths and internal values require consumer review
lua/wanxiang/shijian.lua,2585,shijian,"['wanxiang_lite', 'wanxiang_t9', 'wanxiang_t9i']","local shijian_keys_config = config:get_list(""key_binder/shijian_keys"")",static candidate; dynamic paths and internal values require consumer review
lua/wanxiang/super_calculator.lua,115,super_calculator,"['wanxiang_lite', 'wanxiang_t9', 'wanxiang_t9i']","local _calc_pat = config:get_string(""recognizer/patterns/calculator"") or nil",static candidate; dynamic paths and internal values require consumer review
lua/wanxiang/super_calculator.lua,117,super_calculator,"['wanxiang_lite', 'wanxiang_t9', 'wanxiang_t9i']","T.tips = config:get_string(""calculator/tips"") or ""计算器""",static candidate; dynamic paths and internal values require consumer review
lua/wanxiang/super_comment_preedit.lua,438,super_comment_preedit,"['wanxiang_lite', 'wanxiang_t9', 'wanxiang_t9i']","local delimiter = config:get_string('speller/delimiter') or "" '""",static candidate; dynamic paths and internal values require consumer review
lua/wanxiang/super_comment_preedit.lua,442,super_comment_preedit,"['wanxiang_lite', 'wanxiang_t9', 'wanxiang_t9i']","local convert_abbrev_preedit = config:get_bool(""super_comment/convert_abbrev_preedit"")",static candidate; dynamic paths and internal values require consumer review
lua/wanxiang/super_comment_preedit.lua,461,super_comment_preedit,"['wanxiang_lite', 'wanxiang_t9', 'wanxiang_t9i']","corrector_type = config:get_string(""super_comment/corrector_type"") or ""{comment}"",",static candidate; dynamic paths and internal values require consumer review
lua/wanxiang/super_comment_preedit.lua,463,super_comment_preedit,"['wanxiang_lite', 'wanxiang_t9', 'wanxiang_t9i']","config:get_string(""super_comment/candidate_length"")",static candidate; dynamic paths and internal values require consumer review
lua/wanxiang/super_comment_preedit.lua,470,super_comment_preedit,"['wanxiang_lite', 'wanxiang_t9', 'wanxiang_t9i']","env.settings.aux_symbol = config:get_string(""force_upper_aux/symbol"")",static candidate; dynamic paths and internal values require consumer review
lua/wanxiang/super_comment_preedit.lua,474,super_comment_preedit,"['wanxiang_lite', 'wanxiang_t9', 'wanxiang_t9i']","env.settings.tone_isolate = config:get_bool(""super_comment/tone_isolate"")",static candidate; dynamic paths and internal values require consumer review
lua/wanxiang/super_comment_preedit.lua,482,super_comment_preedit,"['wanxiang_lite', 'wanxiang_t9', 'wanxiang_t9i']","local value = config:get_string(""tone_preedit/"" .. key)",static candidate; dynamic paths and internal values require consumer review
lua/wanxiang/super_comment_preedit.lua,517,super_comment_preedit,"['wanxiang_lite', 'wanxiang_t9', 'wanxiang_t9i']","local is_full_pinyin = context:get_option(""full_pinyin"")",static candidate; dynamic paths and internal values require consumer review
lua/wanxiang/super_comment_preedit.lua,518,super_comment_preedit,"['wanxiang_lite', 'wanxiang_t9', 'wanxiang_t9i']","local is_tone_display = has_tone and context:get_option(""tone_display"") or false",static candidate; dynamic paths and internal values require consumer review
lua/wanxiang/super_comment_preedit.lua,539,super_comment_preedit,"['wanxiang_lite', 'wanxiang_t9', 'wanxiang_t9i']","if has_aux and context:get_option(""fuzhu_hint"") then",static candidate; dynamic paths and internal values require consumer review
lua/wanxiang/super_comment_preedit.lua,542,super_comment_preedit,"['wanxiang_lite', 'wanxiang_t9', 'wanxiang_t9i']","if context:get_option(""tone_hint"") then",static candidate; dynamic paths and internal values require consumer review
lua/wanxiang/super_comment_preedit.lua,544,super_comment_preedit,"['wanxiang_lite', 'wanxiang_t9', 'wanxiang_t9i']","elseif context:get_option(""toneless_hint"") then",static candidate; dynamic paths and internal values require consumer review
lua/wanxiang/super_comment_preedit.lua,547,super_comment_preedit,"['wanxiang_lite', 'wanxiang_t9', 'wanxiang_t9i']","elseif context:get_option(""toneless_hint"") then",static candidate; dynamic paths and internal values require consumer review
lua/wanxiang/super_english.lua,129,super_english,"['wanxiang_english', 'wanxiang_lite']","local configured_limit = config:get_int(""wanxiang_english/max_candidates"")",static candidate; dynamic paths and internal values require consumer review
lua/wanxiang/super_english.lua,145,super_english,"['wanxiang_english', 'wanxiang_lite']","and not env.engine.context:get_option(""english""))",static candidate; dynamic paths and internal values require consumer review
lua/wanxiang/super_english.lua,146,super_english,"['wanxiang_english', 'wanxiang_lite']","or env.engine.context:get_option(""ascii_mode"") then",static candidate; dynamic paths and internal values require consumer review
lua/wanxiang/super_english.lua,587,super_english,"['wanxiang_english', 'wanxiang_lite']","env.last_ascii_mode = ctx:get_option(""ascii_mode"") or false",static candidate; dynamic paths and internal values require consumer review
lua/wanxiang/super_english.lua,593,super_english,"['wanxiang_english', 'wanxiang_lite']","local current_ascii = ctx:get_option(""ascii_mode"")",static candidate; dynamic paths and internal values require consumer review
lua/wanxiang/super_english.lua,621,super_english,"['wanxiang_english', 'wanxiang_lite']","local ascii_mode = ctx:get_option(""ascii_mode"")",static candidate; dynamic paths and internal values require consumer review
lua/wanxiang/super_english.lua,657,super_english,"['wanxiang_english', 'wanxiang_lite']","local str = cfg:get_string(""wanxiang_english/english_spacing"")",static candidate; dynamic paths and internal values require consumer review
lua/wanxiang/super_english.lua,661,super_english,"['wanxiang_english', 'wanxiang_lite']","local timeout = cfg:get_double(""wanxiang_english/spacing_timeout"")",static candidate; dynamic paths and internal values require consumer review
lua/wanxiang/super_english.lua,665,super_english,"['wanxiang_english', 'wanxiang_lite']","local key = cfg:get_string(""wanxiang_lookup/key"")",static candidate; dynamic paths and internal values require consumer review
lua/wanxiang/super_english.lua,669,super_english,"['wanxiang_english', 'wanxiang_lite']","local sym = cfg:get_string(""wanxiang_english/trigger"")",static candidate; dynamic paths and internal values require consumer review
lua/wanxiang/super_english.lua,673,super_english,"['wanxiang_english', 'wanxiang_lite']","delimiter_str = cfg:get_string(""speller/delimiter"") or delimiter_str",static candidate; dynamic paths and internal values require consumer review
lua/wanxiang/super_filter.lua,532,super_filter,"['wanxiang_lite', 'wanxiang_t9', 'wanxiang_t9i']","return config:get_map(""paired_symbols/symkey"")",static candidate; dynamic paths and internal values require consumer review
lua/wanxiang/super_filter.lua,543,super_filter,"['wanxiang_lite', 'wanxiang_t9', 'wanxiang_t9i']","return config:get_string(""paired_symbols/symkey/"" .. key)",static candidate; dynamic paths and internal values require consumer review
lua/wanxiang/super_filter.lua,605,super_filter,"['wanxiang_lite', 'wanxiang_t9', 'wanxiang_t9i']","local d = cfg:get_string(""paired_symbols/delimiter"")",static candidate; dynamic paths and internal values require consumer review
lua/wanxiang/super_filter.lua,615,super_filter,"['wanxiang_lite', 'wanxiang_t9', 'wanxiang_t9i']","local sym = cfg:get_string(""paired_symbols/symbol"") or cfg:get_string(""paired_symbols/trigger"")",static candidate; dynamic paths and internal values require consumer review
lua/wanxiang/super_filter.lua,621,super_filter,"['wanxiang_lite', 'wanxiang_t9', 'wanxiang_t9i']","env.page_size = (cfg and cfg:get_int(""menu/page_size"")) or 5",static candidate; dynamic paths and internal values require consumer review
lua/wanxiang/super_filter.lua,628,super_filter,"['wanxiang_lite', 'wanxiang_t9', 'wanxiang_t9i']","local map = cfg and cfg:get_map(""super_comment/cand_type"")",static candidate; dynamic paths and internal values require consumer review
lua/wanxiang/super_filter.lua,631,super_filter,"['wanxiang_lite', 'wanxiang_t9', 'wanxiang_t9i']","local val = cfg:get_string(""super_comment/cand_type/"" .. key)",static candidate; dynamic paths and internal values require consumer review
lua/wanxiang/super_lookup.lua,363,super_lookup,"['wanxiang_lite', 'wanxiang_t9', 'wanxiang_t9i']","local algebra_list = schema.config and schema.config:get_list(""speller/algebra"")",static candidate; dynamic paths and internal values require consumer review
lua/wanxiang/super_lookup.lua,1040,super_lookup,"['wanxiang_lite', 'wanxiang_t9', 'wanxiang_t9i']","if env.engine.context:get_option(""charset_filter"") and not charset_checker then return nil end",static candidate; dynamic paths and internal values require consumer review
lua/wanxiang/super_lookup.lua,1242,super_lookup,"['wanxiang_lite', 'wanxiang_t9', 'wanxiang_t9i']","local if_single_char_first = ctx:get_option(""char_priority"")",static candidate; dynamic paths and internal values require consumer review
lua/wanxiang/super_lookup.lua,1532,super_lookup,"['wanxiang_lite', 'wanxiang_t9', 'wanxiang_t9i']","env.enable_tone = config:get_bool(""wanxiang_lookup/enable_tone"")",static candidate; dynamic paths and internal values require consumer review
lua/wanxiang/super_lookup.lua,1537,super_lookup,"['wanxiang_lite', 'wanxiang_t9', 'wanxiang_t9i']","env.enable_direct = config:get_bool(""wanxiang_lookup/enable_direct"")",static candidate; dynamic paths and internal values require consumer review
lua/wanxiang/super_lookup.lua,1542,super_lookup,"['wanxiang_lite', 'wanxiang_t9', 'wanxiang_t9i']","local sources_list = config:get_list(""wanxiang_lookup/data_source"")",static candidate; dynamic paths and internal values require consumer review
lua/wanxiang/super_lookup.lua,1575,super_lookup,"['wanxiang_lite', 'wanxiang_t9', 'wanxiang_t9i']","local db_list = config:get_list(""wanxiang_lookup/lookup"")",static candidate; dynamic paths and internal values require consumer review
lua/wanxiang/super_lookup.lua,1586,super_lookup,"['wanxiang_lite', 'wanxiang_t9', 'wanxiang_t9i']","local delimiter = config:get_string(""speller/delimiter"") or "" '""",static candidate; dynamic paths and internal values require consumer review
lua/wanxiang/super_lookup.lua,1593,super_lookup,"['wanxiang_lite', 'wanxiang_t9', 'wanxiang_t9i']","env.reverse_key = config:get_string(""wanxiang_lookup/key"") or ""`""",static candidate; dynamic paths and internal values require consumer review
lua/wanxiang/super_lookup.lua,1595,super_lookup,"['wanxiang_lite', 'wanxiang_t9', 'wanxiang_t9i']","env.bypass_prefix = config:get_string(""add_user_dict/prefix"")",static candidate; dynamic paths and internal values require consumer review
lua/wanxiang/super_lookup.lua,1597,super_lookup,"['wanxiang_lite', 'wanxiang_t9', 'wanxiang_t9i']","local tag = config:get_list(""wanxiang_lookup/tags"")",static candidate; dynamic paths and internal values require consumer review
lua/wanxiang/super_processor.lua,132,super_processor,"['wanxiang_lite', 'wanxiang_t9', 'wanxiang_t9i']",local map = config and config:get_map(path),static candidate; dynamic paths and internal values require consumer review
lua/wanxiang/super_processor.lua,250,super_processor,"['wanxiang_lite', 'wanxiang_t9', 'wanxiang_t9i']","local ok_bs, bs_val = pcall(function() return config:get_bool(""super_processor/enable_backspace_limit"") end)",static candidate; dynamic paths and internal values require consumer review
lua/wanxiang/super_processor.lua,253,super_processor,"['wanxiang_lite', 'wanxiang_t9', 'wanxiang_t9i']","local ok_seg, seg_val = pcall(function() return config:get_bool(""super_processor/enable_seg_loop"") end)",static candidate; dynamic paths and internal values require consumer review
lua/wanxiang/super_processor.lua,256,super_processor,"['wanxiang_lite', 'wanxiang_t9', 'wanxiang_t9i']","local ok_tf, tf_val = pcall(function() return config:get_bool(""super_processor/enable_tone_fallback"") end)",static candidate; dynamic paths and internal values require consumer review
lua/wanxiang/super_processor.lua,259,super_processor,"['wanxiang_lite', 'wanxiang_t9', 'wanxiang_t9i']","local ok_ps, ps_val = pcall(function() return config:get_bool(""super_processor/enable_predict_space"") end)",static candidate; dynamic paths and internal values require consumer review
lua/wanxiang/super_processor.lua,262,super_processor,"['wanxiang_lite', 'wanxiang_t9', 'wanxiang_t9i']","local ok_lr_bool, lr_bool = pcall(function() return config:get_bool(""super_processor/limit_repeated"") end)",static candidate; dynamic paths and internal values require consumer review
lua/wanxiang/super_processor.lua,263,super_processor,"['wanxiang_lite', 'wanxiang_t9', 'wanxiang_t9i']","local ok_lr_str, lr_str = pcall(function() return config:get_string(""super_processor/limit_repeated"") end)",static candidate; dynamic paths and internal values require consumer review
lua/wanxiang/super_processor.lua,282,super_processor,"['wanxiang_lite', 'wanxiang_t9', 'wanxiang_t9i']","local ok_sc_bool, sc_bool = pcall(function() return config:get_bool(""super_processor/select_character"") end)",static candidate; dynamic paths and internal values require consumer review
lua/wanxiang/super_processor.lua,283,super_processor,"['wanxiang_lite', 'wanxiang_t9', 'wanxiang_t9i']","local ok_sc_str, sc_str = pcall(function() return config:get_string(""super_processor/select_character"") end)",static candidate; dynamic paths and internal values require consumer review
lua/wanxiang/super_processor.lua,309,super_processor,"['wanxiang_lite', 'wanxiang_t9', 'wanxiang_t9i']",env.sc_first_key = config:get_string('key_binder/select_first_character'),static candidate; dynamic paths and internal values require consumer review
lua/wanxiang/super_processor.lua,310,super_processor,"['wanxiang_lite', 'wanxiang_t9', 'wanxiang_t9i']",env.sc_last_key = config:get_string('key_binder/select_last_character'),static candidate; dynamic paths and internal values require consumer review
lua/wanxiang/super_processor.lua,319,super_processor,"['wanxiang_lite', 'wanxiang_t9', 'wanxiang_t9i']","env.kp_page_size = config:get_int(""menu/page_size"") or 6",static candidate; dynamic paths and internal values require consumer review
lua/wanxiang/super_processor.lua,320,super_processor,"['wanxiang_lite', 'wanxiang_t9', 'wanxiang_t9i']","local m = config:get_string(""super_processor/kp_number_mode"") or ""select""",static candidate; dynamic paths and internal values require consumer review
lua/wanxiang/super_processor.lua,329,super_processor,"['wanxiang_lite', 'wanxiang_t9', 'wanxiang_t9i']",env.lookup_key = config:get_string('wanxiang_lookup/key') or '`',static candidate; dynamic paths and internal values require consumer review
lua/wanxiang/super_processor.lua,334,super_processor,"['wanxiang_lite', 'wanxiang_t9', 'wanxiang_t9i']","local ok, s = pcall(function() return config:get_string(""quick_symbol_text/trigger"") end)",static candidate; dynamic paths and internal values require consumer review
lua/wanxiang/super_processor.lua,339,super_processor,"['wanxiang_lite', 'wanxiang_t9', 'wanxiang_t9i']","local ok_map, map = pcall(function() return config:get_map(""quick_symbol_text/symkey"") end)",static candidate; dynamic paths and internal values require consumer review
lua/wanxiang/super_processor.lua,344,super_processor,"['wanxiang_lite', 'wanxiang_t9', 'wanxiang_t9i']","local v = config:get_string(""quick_symbol_text/symkey/"" .. key)",static candidate; dynamic paths and internal values require consumer review
lua/wanxiang/super_processor.lua,352,super_processor,"['wanxiang_lite', 'wanxiang_t9', 'wanxiang_t9i']","local delim = config:get_string(""speller/delimiter"") or "" '""",static candidate; dynamic paths and internal values require consumer review
lua/wanxiang/super_replacer.lua,151,super_replacer,"['wanxiang_english', 'wanxiang_lite', 'wanxiang_t9', 'wanxiang_t9i']","local list = item.type == ""kList"" and item:get_list()",static candidate; dynamic paths and internal values require consumer review
lua/wanxiang/super_replacer.lua,156,super_replacer,"['wanxiang_english', 'wanxiang_lite', 'wanxiang_t9', 'wanxiang_t9i']",if value and value:get_string() == input_type then return true end,static candidate; dynamic paths and internal values require consumer review
lua/wanxiang/super_replacer.lua,165,super_replacer,"['wanxiang_english', 'wanxiang_lite', 'wanxiang_t9', 'wanxiang_t9i']","or (type(trigger) == ""string"" and context:get_option(trigger))",static candidate; dynamic paths and internal values require consumer review
lua/wanxiang/super_replacer.lua,281,super_replacer,"['wanxiang_english', 'wanxiang_lite', 'wanxiang_t9', 'wanxiang_t9i']",local list = item:get_list(),static candidate; dynamic paths and internal values require consumer review
lua/wanxiang/super_replacer.lua,299,super_replacer,"['wanxiang_english', 'wanxiang_lite', 'wanxiang_t9', 'wanxiang_t9i']",local root = config and config:get_map(ns),static candidate; dynamic paths and internal values require consumer review
lua/wanxiang/super_replacer.lua,301,super_replacer,"['wanxiang_english', 'wanxiang_lite', 'wanxiang_t9', 'wanxiang_t9i']",local list = rules and rules:get_list(),static candidate; dynamic paths and internal values require consumer review
lua/wanxiang/super_replacer.lua,306,super_replacer,"['wanxiang_english', 'wanxiang_lite', 'wanxiang_t9', 'wanxiang_t9i']",local rule = item and item:get_map(),static candidate; dynamic paths and internal values require consumer review
lua/wanxiang/super_replacer.lua,309,super_replacer,"['wanxiang_english', 'wanxiang_lite', 'wanxiang_t9', 'wanxiang_t9i']","local prefix = value and value:get_string() or """"",static candidate; dynamic paths and internal values require consumer review
lua/wanxiang/super_replacer.lua,311,super_replacer,"['wanxiang_english', 'wanxiang_lite', 'wanxiang_t9', 'wanxiang_t9i']",local t9 = value and value:get_bool() or false,static candidate; dynamic paths and internal values require consumer review
lua/wanxiang/super_replacer.lua,314,super_replacer,"['wanxiang_english', 'wanxiang_lite', 'wanxiang_t9', 'wanxiang_t9i']",local source = file_value:get_string(),static candidate; dynamic paths and internal values require consumer review
lua/wanxiang/super_replacer.lua,913,super_replacer,"['wanxiang_english', 'wanxiang_lite', 'wanxiang_t9', 'wanxiang_t9i']",local cfg_root = config:get_map(ns),static candidate; dynamic paths and internal values require consumer review
lua/wanxiang/super_replacer.lua,915,super_replacer,"['wanxiang_english', 'wanxiang_lite', 'wanxiang_t9', 'wanxiang_t9i']","local delimiter = config:get_string(""speller/delimiter"") or "" '""",static candidate; dynamic paths and internal values require consumer review
lua/wanxiang/super_replacer.lua,919,super_replacer,"['wanxiang_english', 'wanxiang_lite', 'wanxiang_t9', 'wanxiang_t9i']","env.comment_format = comment_fmt_val and comment_fmt_val:get_string() or ""〔%s〕""",static candidate; dynamic paths and internal values require consumer review
lua/wanxiang/super_replacer.lua,931,super_replacer,"['wanxiang_english', 'wanxiang_lite', 'wanxiang_t9', 'wanxiang_t9i']",env.chain = chain_val and chain_val:get_bool() or false,static candidate; dynamic paths and internal values require consumer review
lua/wanxiang/super_replacer.lua,936,super_replacer,"['wanxiang_english', 'wanxiang_lite', 'wanxiang_t9', 'wanxiang_t9i']",local rule_list = rules_item and rules_item:get_list(),static candidate; dynamic paths and internal values require consumer review
lua/wanxiang/super_replacer.lua,941,super_replacer,"['wanxiang_english', 'wanxiang_lite', 'wanxiang_t9', 'wanxiang_t9i']",local rule = rule_item and rule_item:get_map(),static candidate; dynamic paths and internal values require consumer review
lua/wanxiang/super_replacer.lua,956,super_replacer,"['wanxiang_english', 'wanxiang_lite', 'wanxiang_t9', 'wanxiang_t9i']",local list = opt_item:get_list(),static candidate; dynamic paths and internal values require consumer review
lua/wanxiang/super_replacer.lua,959,super_replacer,"['wanxiang_english', 'wanxiang_lite', 'wanxiang_t9', 'wanxiang_t9i']",local str = val and val:get_string(),static candidate; dynamic paths and internal values require consumer review
lua/wanxiang/super_replacer.lua,964,super_replacer,"['wanxiang_english', 'wanxiang_lite', 'wanxiang_t9', 'wanxiang_t9i']",if val:get_bool() == true then,static candidate; dynamic paths and internal values require consumer review
lua/wanxiang/super_replacer.lua,967,super_replacer,"['wanxiang_english', 'wanxiang_lite', 'wanxiang_t9', 'wanxiang_t9i']",local str = val:get_string(),static candidate; dynamic paths and internal values require consumer review
lua/wanxiang/super_replacer.lua,983,super_replacer,"['wanxiang_english', 'wanxiang_lite', 'wanxiang_t9', 'wanxiang_t9i']",local list = tag_item:get_list(),static candidate; dynamic paths and internal values require consumer review
lua/wanxiang/super_replacer.lua,986,super_replacer,"['wanxiang_english', 'wanxiang_lite', 'wanxiang_t9', 'wanxiang_t9i']",local str = val and val:get_string(),static candidate; dynamic paths and internal values require consumer review
lua/wanxiang/super_replacer.lua,991,super_replacer,"['wanxiang_english', 'wanxiang_lite', 'wanxiang_t9', 'wanxiang_t9i']",local str = val and val:get_string(),static candidate; dynamic paths and internal values require consumer review
lua/wanxiang/super_replacer.lua,999,super_replacer,"['wanxiang_english', 'wanxiang_lite', 'wanxiang_t9', 'wanxiang_t9i']","local prefix = prefix_val and prefix_val:get_string() or """"",static candidate; dynamic paths and internal values require consumer review
lua/wanxiang/super_replacer.lua,1002,super_replacer,"['wanxiang_english', 'wanxiang_lite', 'wanxiang_t9', 'wanxiang_t9i']","local mode = mode_val and mode_val:get_string() or ""append""",static candidate; dynamic paths and internal values require consumer review
lua/wanxiang/super_replacer.lua,1006,super_replacer,"['wanxiang_english', 'wanxiang_lite', 'wanxiang_t9', 'wanxiang_t9i']",local t9_opt = t9_val and t9_val:get_bool() or false,static candidate; dynamic paths and internal values require consumer review
lua/wanxiang/super_replacer.lua,1010,super_replacer,"['wanxiang_english', 'wanxiang_lite', 'wanxiang_t9', 'wanxiang_t9i']","local comment_mode = comment_mode_val and comment_mode_val:get_string() or ""comment""",static candidate; dynamic paths and internal values require consumer review
lua/wanxiang/super_replacer.lua,1013,super_replacer,"['wanxiang_english', 'wanxiang_lite', 'wanxiang_t9', 'wanxiang_t9i']",local sentence = sentence_val and sentence_val:get_bool() or false,static candidate; dynamic paths and internal values require consumer review
lua/wanxiang/super_replacer.lua,1016,super_replacer,"['wanxiang_english', 'wanxiang_lite', 'wanxiang_t9', 'wanxiang_t9i']",local custom_cand_type = custom_cand_type_val and custom_cand_type_val:get_string(),static candidate; dynamic paths and internal values require consumer review
lua/wanxiang/super_replacer.lua,1022,super_replacer,"['wanxiang_english', 'wanxiang_lite', 'wanxiang_t9', 'wanxiang_t9i']","local rule_str = rule_str_val and rule_str_val:get_string() or ""1,1""",static candidate; dynamic paths and internal values require consumer review
lua/wanxiang/super_tips.lua,118,super_tips,"['wanxiang_t9', 'wanxiang_t9i']","local disabled_list = config:get_list(""super_tips/disabled_types"")",static candidate; dynamic paths and internal values require consumer review
lua/wanxiang/super_tips.lua,138,super_tips,"['wanxiang_t9', 'wanxiang_t9i']","local files_list = config:get_list(""super_tips/files"")",static candidate; dynamic paths and internal values require consumer review
lua/wanxiang/super_tips.lua,142,super_tips,"['wanxiang_t9', 'wanxiang_t9i']",local value = entry and entry:get_string(),static candidate; dynamic paths and internal values require consumer review
lua/wanxiang/super_tips.lua,149,super_tips,"['wanxiang_t9', 'wanxiang_t9i']","local file_str = config:get_string(""super_tips/files"")",static candidate; dynamic paths and internal values require consumer review
lua/wanxiang/super_tips.lua,232,super_tips,"['wanxiang_t9', 'wanxiang_t9i']","if not context:get_option(""super_tips"") then return end",static candidate; dynamic paths and internal values require consumer review
lua/wanxiang/super_tips.lua,263,super_tips,"['wanxiang_t9', 'wanxiang_t9i']","env.tips_key = config:get_string(""super_tips/tips_key"")",static candidate; dynamic paths and internal values require consumer review
lua/wanxiang/super_tips.lua,290,super_tips,"['wanxiang_t9', 'wanxiang_t9i']","if not context:get_option(""super_tips"")",static candidate; dynamic paths and internal values require consumer review
lua/wanxiang/unicode_conversion.lua,423,unicode_conversion,['wanxiang_lite'],"local pattern = env.engine.schema.config:get_string(""recognizer/patterns/unicode"")",static candidate; dynamic paths and internal values require consumer review
lua/wanxiang/unicode_conversion.lua,498,unicode_conversion,['wanxiang_lite'],"local key = config:get_string(""unicode/key"")",static candidate; dynamic paths and internal values require consumer review
lua/wanxiang/wanxiang.lua,372,wanxiang,[],"local algebra = config:get_list(""speller/algebra"")",static candidate; dynamic paths and internal values require consumer review
lua/wanxiang/wanxiang.lua,380,wanxiang,[],local rule = value and value:get_string(),static candidate; dynamic paths and internal values require consumer review
